<?xml version="1.0" encoding="UTF-8"?>
<?pcbinfo name="Portrayal Catalogue for S-MCI>" fieldOfApplication="Marine Navigation"
scope="Global coverage of maritime areas" versionDate="2025-05-05T00:00:00+0900" PCBOfVersion="S-100 PCB v0.0.0"?>
<portrayalCatalog xmlns:xsl="http://www.w3.org/2001/XMLSchema" productId="S-MCI" version="1.0.0">
	<pixmaps/>
    <colorProfiles>
        <colorProfile id="837">
            <description>
                <name>Color Profile</name>
                <description>Color Profile</description>
                <language>en</language>
            </description>
            <fileName>colorProfile.xml</fileName>
            <fileType>ColorProfile</fileType>
            <fileFormat>XML</fileFormat>
        </colorProfile>
    </colorProfiles>
    <symbols>
        <symbol id="HullAndEngineAccessoryDamage">
            <description>
                <name>HullAndEngineAccessoryDamage</name>
                <description>Visualization of the HullAndEngineAccessoryDamage feature</description>
                <language>en</language>
            </description>
            <fileName>HullAndEngineAccessoryDamage.svg</fileName>
            <fileType>Symbol</fileType>
            <fileFormat>SVG</fileFormat>
        </symbol>
        <symbol id="CollisionAndContact">
            <description>
                <name>CollisionAndContact</name>
                <description>Visualization of the CollisionAndContact feature</description>
                <language>en</language>
            </description>
            <fileName>CollisionAndContact.svg</fileName>
            <fileType>Symbol</fileType>
            <fileFormat>SVG</fileFormat>
        </symbol>
        <symbol id="NavigationalIssues">
            <description>
                <name>NavigationalIssues</name>
                <description>Visualization of the NavigationalIssues feature</description>
                <language>en</language>
            </description>
            <fileName>NavigationalIssues.svg</fileName>
            <fileType>Symbol</fileType>
            <fileFormat>SVG</fileFormat>
        </symbol>
        <symbol id="FloodingAndSinking">
            <description>
                <name>FloodingAndSinking</name>
                <description>Visualization of the FloodingAndSinking feature</description>
                <language>en</language>
            </description>
            <fileName>FloodingAndSinking.svg</fileName>
            <fileType>Symbol</fileType>
            <fileFormat>SVG</fileFormat>
        </symbol>
        <symbol id="FireAndExplosion">
            <description>
                <name>FireAndExplosion</name>
                <description>Visualization of the FireAndExplosion feature</description>
                <language>en</language>
            </description>
            <fileName>FireAndExplosion.svg</fileName>
            <fileType>Symbol</fileType>
            <fileFormat>SVG</fileFormat>
        </symbol>
        <symbol id="StrandingAndGrounding">
            <description>
                <name>StrandingAndGrounding</name>
                <description>Visualization of the StrandingAndGrounding feature</description>
                <language>en</language>
            </description>
            <fileName>StrandingAndGrounding.svg</fileName>
            <fileType>Symbol</fileType>
            <fileFormat>SVG</fileFormat>
        </symbol>
        <symbol id="OtherIncident">
            <description>
                <name>OtherIncident</name>
                <description>Visualization of the OtherIncident feature</description>
                <language>en</language>
            </description>
            <fileName>OtherIncident.svg</fileName>
            <fileType>Symbol</fileType>
            <fileFormat>SVG</fileFormat>
        </symbol>
    </symbols>
    <lineStyles/>
    <areaFills/>
    <fonts/>
    <viewingGroups>
        <viewingGroup id="1">
            <description>
                <name>12210</name>
                <description/>
                <language>en</language>
            </description>
        </viewingGroup>
    </viewingGroups>
    <viewingGroupLayers/>
    <displayModes/>
    <displayPlane>
        <displayPlane id="1">
            <description>
                <name>overRadar</name>
                <description>overRadar</description>
                <language>en</language>
            </description>
        </displayPlane>
        <displayPlane id="2">
            <description>
                <name>underRadar</name>
                <description>Content displayed underneath Radar image</description>
                <language>en</language>
            </description>
        </displayPlane>
    </displayPlane>
    <context/>
    <rules>
        <ruleFile id="1">
            <description>
                <name>main</name>
                <description>main</description>
            </description>
            <fileName>main.xsl</fileName>
            <fileType>Rule</fileType>
            <fileFormat>XSLT</fileFormat>
            <ruleType>TopLevelTemplate</ruleType>
        </ruleFile>
        <ruleFile id="2">
            <description>
                <name>Casualty</name>
                <description>Casualty</description>
            </description>
            <fileName>Casualty.xsl</fileName>
            <fileType>Rule</fileType>
            <fileFormat>XSLT</fileFormat>
            <ruleType>SubTemplate</ruleType>
        </ruleFile>
    </rules>
</portrayalCatalog>
