<?xml version="1.0" encoding="utf-8"?>
<S100FC:S100_FC_FeatureCatalogue 
    xmlns:S100Base="http://www.iho.int/S100Base/5.0" 
    xmlns:S100CI="http://www.iho.int/S100CI/5.0" 
    xmlns:xsi="http://www.w3.org/2001/XMLSchema-instance" 
    xmlns:S100FC="http://www.iho.int/S100FC/5.0"
    xsi:schemaLocation="http://www.iho.int/S100FC/5.0 https://schemas.s100dev.net/schemas/S100/5.0.0/S100FC/20220610/S100FC.xsd">

    <S100FC:name>Feature Catalogue for Maritime Casualty Information(MCI)</S100FC:name>
    <S100FC:scope>Maritime Casualty Information</S100FC:scope>
    <S100FC:fieldOfApplication>Maritime Casualty Information</S100FC:fieldOfApplication> 
    <S100FC:versionNumber>0.5.0</S100FC:versionNumber>
    <S100FC:versionDate>2025-05-05</S100FC:versionDate>
    <S100FC:productId>S-MCI</S100FC:productId>
    <S100FC:producer>
        <S100CI:role>editor</S100CI:role>
        <S100CI:party>
            <S100CI:CI_Organisation>
                <S100CI:name>KMOU</S100CI:name>
                <S100CI:contactInfo>
                    <S100CI:address>
                        <S100CI:administrativeArea>727 Taejong-ro, Yeongdo-Gu, Busan 49112</S100CI:administrativeArea>
                        <S100CI:country>South Korea</S100CI:country>
                        <S100CI:electronicMailAddress>sjlee@kmou.ac.kr</S100CI:electronicMailAddress>
                    </S100CI:address>
                    <S100CI:onlineResource>
                        <S100CI:linkage>www.kmou.ac.kr</S100CI:linkage>
                    </S100CI:onlineResource>
                </S100CI:contactInfo>
            </S100CI:CI_Organisation>
        </S100CI:party>
    </S100FC:producer>
    <S100FC:classification>unclassified</S100FC:classification>
    <S100FC:S100_FC_DefinitionSources>
        <S100FC:FC_DefinitionSource id="IHOREG">
        <S100FC:source>
            <S100CI:title>IHO GI Registry</S100CI:title>
            <S100CI:onlineResource>
            <S100CI:linkage>http://registry.iho.int</S100CI:linkage>
            </S100CI:onlineResource>
        </S100FC:source>
        </S100FC:FC_DefinitionSource>
    </S100FC:S100_FC_DefinitionSources>


    <!--attributes - simple attribute-->
    <S100FC:S100_FC_SimpleAttributes>
        <S100FC:S100_FC_SimpleAttribute>
            <S100FC:name>date</S100FC:name>
            <S100FC:definition>Represents the date and time of the incident.</S100FC:definition>
            <S100FC:code>date</S100FC:code>
            <S100FC:valueType>date</S100FC:valueType>
        </S100FC:S100_FC_SimpleAttribute>
        <S100FC:S100_FC_SimpleAttribute>
            <S100FC:name>deaths</S100FC:name>
            <S100FC:definition>Indicates the number of fatalities resulting from the incident.</S100FC:definition>
            <S100FC:code>deaths</S100FC:code>
            <S100FC:valueType>integer</S100FC:valueType>
        </S100FC:S100_FC_SimpleAttribute>
        <S100FC:S100_FC_SimpleAttribute>
            <S100FC:name>description</S100FC:name>
            <S100FC:definition>Provides a detailed description of the incident.</S100FC:definition>
            <S100FC:code>description</S100FC:code>
            <S100FC:valueType>text</S100FC:valueType>
        </S100FC:S100_FC_SimpleAttribute>
        <S100FC:S100_FC_SimpleAttribute>
            <S100FC:name>IMO Number</S100FC:name>
            <S100FC:definition>Represents the IMO (International Maritime Organization) number of the vessel.</S100FC:definition>
            <S100FC:code>IMONum</S100FC:code>
            <S100FC:valueType>text</S100FC:valueType>
        </S100FC:S100_FC_SimpleAttribute>
        <S100FC:S100_FC_SimpleAttribute>
            <S100FC:name>missings</S100FC:name>
            <S100FC:definition>Indicates the number of missing persons after the incident.</S100FC:definition>
            <S100FC:code>missings</S100FC:code>
            <S100FC:valueType>integer</S100FC:valueType>
        </S100FC:S100_FC_SimpleAttribute>
        <S100FC:S100_FC_SimpleAttribute>
            <S100FC:name>severe injuries</S100FC:name>
            <S100FC:definition>Represents the number of people who sustained severe injuries from the incident.</S100FC:definition>
            <S100FC:code>severeInjuries</S100FC:code>
            <S100FC:valueType>integer</S100FC:valueType>
        </S100FC:S100_FC_SimpleAttribute>
        <S100FC:S100_FC_SimpleAttribute>
            <S100FC:name>latitude</S100FC:name>
            <S100FC:definition>Indicates the latitude of the incident location.</S100FC:definition>
            <S100FC:code>latitude</S100FC:code>
            <S100FC:valueType>real</S100FC:valueType>
        </S100FC:S100_FC_SimpleAttribute>
        <S100FC:S100_FC_SimpleAttribute>
            <S100FC:name>longitude</S100FC:name>
            <S100FC:definition>Indicates the longitude of the incident location.</S100FC:definition>
            <S100FC:code>longitude</S100FC:code>
            <S100FC:valueType>real</S100FC:valueType>
        </S100FC:S100_FC_SimpleAttribute>


        <!--attributes - enumeration-->
        <S100FC:S100_FC_SimpleAttribute>
            <S100FC:name>Hull and engine accessory damage type</S100FC:name>
            <S100FC:definition>Indicates the type of damage to the hull and engine accessories.</S100FC:definition>
            <S100FC:code>hullAndEngineAccessoryDamageType</S100FC:code>
            <S100FC:remarks>codeListType=open enumeration; encoding=other: [something]</S100FC:remarks>
            <S100FC:valueType>S100_CodeList</S100FC:valueType>
            <S100FC:listedValues>
                <S100FC:listedValue>
                    <S100FC:label>hull damage</S100FC:label>
                    <S100FC:definition>Damage to the hull structure of the vessel.</S100FC:definition>
                    <S100FC:code>1</S100FC:code>
                </S100FC:listedValue>
                <S100FC:listedValue>
                    <S100FC:label>machineries and propulsion damage</S100FC:label>
                    <S100FC:definition>Damage to the machinery and propulsion systems of the vessel.</S100FC:definition>
                    <S100FC:code>2</S100FC:code>
                </S100FC:listedValue>
                <S100FC:listedValue>
                    <S100FC:label>outfit damage</S100FC:label>
                    <S100FC:definition>Damage to the vessel's outfit, including equipment and fittings.</S100FC:definition>
                    <S100FC:code>3</S100FC:code>
                </S100FC:listedValue>
                <S100FC:listedValue>
                    <S100FC:label>rudder damage</S100FC:label>
                    <S100FC:definition>Damage to the rudder system of the vessel.</S100FC:definition>
                    <S100FC:code>4</S100FC:code>
                </S100FC:listedValue>
                <S100FC:listedValue>
                    <S100FC:label>other facility damage</S100FC:label>
                    <S100FC:definition>Damage to other facilities or structures on the vessel.</S100FC:definition>
                    <S100FC:code>5</S100FC:code>
                </S100FC:listedValue>
            </S100FC:listedValues>
        </S100FC:S100_FC_SimpleAttribute>
        <S100FC:S100_FC_SimpleAttribute>
            <S100FC:name>Collision and contact type</S100FC:name>
            <S100FC:definition>Indicates the type of collision and contact incident.</S100FC:definition>
            <S100FC:code>collisionAndContactType</S100FC:code>
            <S100FC:remarks>codeListType=open enumeration; encoding=other: [something]</S100FC:remarks>
            <S100FC:valueType>S100_CodeList</S100FC:valueType>
            <S100FC:listedValues>
                <S100FC:listedValue>
                    <S100FC:label>collision</S100FC:label>
                    <S100FC:definition>A collision between vessels or with a fixed object.</S100FC:definition>
                    <S100FC:code>1</S100FC:code>
                </S100FC:listedValue>
                <S100FC:listedValue>
                    <S100FC:label>contact</S100FC:label>
                    <S100FC:definition>An incident involving contact between a vessel and a fixed or floating object.</S100FC:definition>
                    <S100FC:code>2</S100FC:code>
                </S100FC:listedValue>
                <S100FC:listedValue>
                    <S100FC:label>floating object entanglement</S100FC:label>
                    <S100FC:definition>An incident involving entanglement with a floating object, such as fishing gear or debris.</S100FC:definition>
                    <S100FC:code>3</S100FC:code>
                </S100FC:listedValue>
            </S100FC:listedValues>
        </S100FC:S100_FC_SimpleAttribute>
        <S100FC:S100_FC_SimpleAttribute>
            <S100FC:name>Navigational issues type</S100FC:name>
            <S100FC:definition>Indicates the type of navigational issues.</S100FC:definition>
            <S100FC:code>navigationalIssuesType</S100FC:code>
            <S100FC:remarks>codeListType=open enumeration; encoding=other: [something]</S100FC:remarks>
            <S100FC:valueType>S100_CodeList</S100FC:valueType>
            <S100FC:listedValues>
                <S100FC:listedValue>
                    <S100FC:label>drifting</S100FC:label>
                    <S100FC:definition>An incident where the vessel is drifting without control.</S100FC:definition>
                    <S100FC:code>1</S100FC:code>
                </S100FC:listedValue>
                <S100FC:listedValue>
                    <S100FC:label>loss of direction</S100FC:label>
                    <S100FC:definition>An incident where the vessel loses its sense of direction or navigational ability.</S100FC:definition>
                    <S100FC:code>2</S100FC:code>
                </S100FC:listedValue>
                <S100FC:listedValue>
                    <S100FC:label>sailing hinderance</S100FC:label>
                    <S100FC:definition>An incident where the vessel loses its sense of direction or navigational ability.</S100FC:definition>
                    <S100FC:code>3</S100FC:code>
                </S100FC:listedValue>
            </S100FC:listedValues>
        </S100FC:S100_FC_SimpleAttribute>
        <S100FC:S100_FC_SimpleAttribute>
            <S100FC:name>Flooding and sinking type</S100FC:name>
            <S100FC:definition>Indicates the type of flooding and sinking incident.</S100FC:definition>
            <S100FC:code>floodingAndSinkingType</S100FC:code>
            <S100FC:remarks>codeListType=open enumeration; encoding=other: [something]</S100FC:remarks>
            <S100FC:valueType>S100_CodeList</S100FC:valueType>
            <S100FC:listedValues>
                <S100FC:listedValue>
                    <S100FC:label>capsizing</S100FC:label>
                    <S100FC:definition>An incident where the vessel capsizes or overturns.</S100FC:definition>
                    <S100FC:code>1</S100FC:code>
                </S100FC:listedValue>
                <S100FC:listedValue>
                    <S100FC:label>flooding</S100FC:label>
                    <S100FC:definition>An incident involving the ingress of water into the vessel.</S100FC:definition>
                    <S100FC:code>2</S100FC:code>
                </S100FC:listedValue>
                <S100FC:listedValue>
                    <S100FC:label>sinking</S100FC:label>
                    <S100FC:definition>An incident where the vessel sinks or submerges.</S100FC:definition>
                    <S100FC:code>3</S100FC:code>
                </S100FC:listedValue>
            </S100FC:listedValues>
        </S100FC:S100_FC_SimpleAttribute>
        <S100FC:S100_FC_SimpleAttribute>
            <S100FC:name>Fire and explosion type</S100FC:name>
            <S100FC:definition>Indicates the type of fire and explosion incident.</S100FC:definition>
            <S100FC:code>fireAndExplosionType</S100FC:code>
            <S100FC:remarks>codeListType=open enumeration; encoding=other: [something]</S100FC:remarks>
            <S100FC:valueType>S100_CodeList</S100FC:valueType>
            <S100FC:listedValues>
                <S100FC:listedValue>
                    <S100FC:label>explosion</S100FC:label>
                    <S100FC:definition>An incident involving an explosion on the vessel.</S100FC:definition>
                    <S100FC:code>1</S100FC:code>
                </S100FC:listedValue>
                <S100FC:listedValue>
                    <S100FC:label>fire</S100FC:label>
                    <S100FC:definition>An incident involving a fire on the vessel.</S100FC:definition>
                    <S100FC:code>2</S100FC:code>
                </S100FC:listedValue>
            </S100FC:listedValues>
        </S100FC:S100_FC_SimpleAttribute>
        <S100FC:S100_FC_SimpleAttribute>
            <S100FC:name>Stranding and grounding type</S100FC:name>
            <S100FC:definition>Indicates the type of stranding and grounding incident.</S100FC:definition>
            <S100FC:code>strandingAndGroundingType</S100FC:code>
            <S100FC:remarks>codeListType=open enumeration; encoding=other: [something]</S100FC:remarks>
            <S100FC:valueType>S100_CodeList</S100FC:valueType>
            <S100FC:listedValues>
                <S100FC:listedValue>
                    <S100FC:label>grounding</S100FC:label>
                    <S100FC:definition>An incident where the vessel runs aground or makes contact with the seabed.</S100FC:definition>
                    <S100FC:code>1</S100FC:code>
                </S100FC:listedValue>
                <S100FC:listedValue>
                    <S100FC:label>stranding</S100FC:label>
                    <S100FC:definition>An incident where the vessel is stranded or stuck in shallow water or on a shore.</S100FC:definition>
                    <S100FC:code>2</S100FC:code>
                </S100FC:listedValue>
            </S100FC:listedValues>
        </S100FC:S100_FC_SimpleAttribute>
        <S100FC:S100_FC_SimpleAttribute>
            <S100FC:name>Other incident type</S100FC:name>
            <S100FC:definition>Indicates other types of incidents.</S100FC:definition>
            <S100FC:code>otherIncidentType</S100FC:code>
            <S100FC:remarks>codeListType=open enumeration; encoding=other: [something]</S100FC:remarks>
            <S100FC:valueType>S100_CodeList</S100FC:valueType>
            <S100FC:listedValues>
                <S100FC:listedValue>
                    <S100FC:label>safety hinderance and near misses</S100FC:label>
                    <S100FC:definition>Incidents that hinder safety or involve near-miss situations.</S100FC:definition>
                    <S100FC:code>1</S100FC:code>
                </S100FC:listedValue>
                <S100FC:listedValue>
                    <S100FC:label>other incident</S100FC:label>
                    <S100FC:definition>Other types of incidents that do not fall under the specified categories.</S100FC:definition>
                    <S100FC:code>2</S100FC:code>
                </S100FC:listedValue>
            </S100FC:listedValues>
        </S100FC:S100_FC_SimpleAttribute>
    </S100FC:S100_FC_SimpleAttributes>



    <!--attributes - complexAttribute-->
    <S100FC:S100_FC_ComplexAttributes>
        <S100FC:S100_FC_ComplexAttribute>
            <S100FC:name>location</S100FC:name>
            <S100FC:definition>Indicates the location where the incident occurred.</S100FC:definition>
            <S100FC:code>location</S100FC:code>
            <S100FC:subAttributeBinding sequential="false">
                <S100FC:multiplicity>
                    <S100Base:lower>1</S100Base:lower>
                    <S100Base:upper xsi:nil="false" infinite="false">1</S100Base:upper>
                </S100FC:multiplicity>
                <S100FC:attribute ref="latitude"/>        
            </S100FC:subAttributeBinding>
            <S100FC:subAttributeBinding sequential="false">
                <S100FC:multiplicity>
                    <S100Base:lower>1</S100Base:lower>
                    <S100Base:upper xsi:nil="false" infinite="false">1</S100Base:upper>
                </S100FC:multiplicity>
                <S100FC:attribute ref="longitude"/>
            </S100FC:subAttributeBinding>
        </S100FC:S100_FC_ComplexAttribute>
    </S100FC:S100_FC_ComplexAttributes>



    <!--features-->
    <S100FC:S100_FC_FeatureTypes>
        <!-- Abstract features -->
        <S100FC:S100_FC_FeatureType isAbstract="true">
            <S100FC:name>Incident</S100FC:name>
            <S100FC:definition>Generalized feature containing common information about a maritime incident.</S100FC:definition>
            <S100FC:code>Incident</S100FC:code>
            <S100FC:remarks></S100FC:remarks>
            <S100FC:attributeBinding sequential="false">
                <S100FC:multiplicity>
                    <S100Base:lower>0</S100Base:lower>
                    <S100Base:upper infinite="false" xsi:nil="false">1</S100Base:upper>
                </S100FC:multiplicity>
                <S100FC:attribute ref="date"/>
            </S100FC:attributeBinding>
            <S100FC:attributeBinding sequential="false">
                <S100FC:multiplicity>
                    <S100Base:lower>0</S100Base:lower>
                    <S100Base:upper xsi:nil="true" infinite="true"/>
                </S100FC:multiplicity>
                <S100FC:attribute ref="deaths"/>
            </S100FC:attributeBinding>        
            <S100FC:attributeBinding sequential="false">
                <S100FC:multiplicity>
                    <S100Base:lower>0</S100Base:lower>
                    <S100Base:upper xsi:nil="true" infinite="true"/>
                </S100FC:multiplicity>
                <S100FC:attribute ref="description"/>
            </S100FC:attributeBinding>
            <S100FC:attributeBinding sequential="false">
                <S100FC:multiplicity>
                    <S100Base:lower>0</S100Base:lower>
                    <S100Base:upper xsi:nil="true" infinite="true"/>
                </S100FC:multiplicity>
                <S100FC:attribute ref="IMONum"/>
            </S100FC:attributeBinding>
            <S100FC:attributeBinding sequential="false">
                <S100FC:multiplicity>
                    <S100Base:lower>0</S100Base:lower>
                    <S100Base:upper xsi:nil="true" infinite="true"/>
                </S100FC:multiplicity>
                <S100FC:attribute ref="missings"/>
            </S100FC:attributeBinding>
            <S100FC:attributeBinding sequential="false">
                <S100FC:multiplicity>
                    <S100Base:lower>0</S100Base:lower>
                    <S100Base:upper xsi:nil="true" infinite="true"/>
                </S100FC:multiplicity>
                <S100FC:attribute ref="severeInjuries"/>
            </S100FC:attributeBinding>
            <S100FC:attributeBinding sequential="false">
                <S100FC:multiplicity>
                    <S100Base:lower>0</S100Base:lower>
                    <S100Base:upper xsi:nil="true" infinite="true"/>
                </S100FC:multiplicity>
                <S100FC:attribute ref="location"/>
            </S100FC:attributeBinding>
            <S100FC:featureUseType>geographic</S100FC:featureUseType>
            <S100FC:permittedPrimitives>noGeometry</S100FC:permittedPrimitives>
        </S100FC:S100_FC_FeatureType>



        <!-- Non-abstract features -->
        <S100FC:S100_FC_FeatureType isAbstract="false">
            <S100FC:name>Hull And Engine Accessory Damage</S100FC:name>
            <S100FC:definition>A feature containing information about hull and engine accessory damage.</S100FC:definition>
            <S100FC:code>HullAndEngineAccessoryDamage</S100FC:code>
            <S100FC:remarks></S100FC:remarks>
            <S100FC:attributeBinding sequential="false">
                <S100FC:multiplicity>
                    <S100Base:lower>0</S100Base:lower>
                    <S100Base:upper xsi:nil="false" infinite="false">1</S100Base:upper>
                </S100FC:multiplicity>
                <S100FC:permittedValues>
                    <S100FC:value>1</S100FC:value>
                    <S100FC:value>2</S100FC:value>
                    <S100FC:value>3</S100FC:value>
                    <S100FC:value>4</S100FC:value>
                    <S100FC:value>5</S100FC:value>
                </S100FC:permittedValues>
                <S100FC:attribute ref="hullAndEngineAccessoryDamageType"/>
            </S100FC:attributeBinding>
            <S100FC:superType>Incident</S100FC:superType>
            <S100FC:featureUseType>geographic</S100FC:featureUseType>
            <S100FC:permittedPrimitives>point</S100FC:permittedPrimitives>
        </S100FC:S100_FC_FeatureType>
        <S100FC:S100_FC_FeatureType isAbstract="false">
            <S100FC:name>Collision And Contact</S100FC:name>
            <S100FC:definition>A feature containing information about collision and contact incidents.</S100FC:definition>
            <S100FC:code>CollisionAndContact</S100FC:code>
            <S100FC:remarks></S100FC:remarks>
            <S100FC:attributeBinding sequential="false">
                <S100FC:multiplicity>
                    <S100Base:lower>0</S100Base:lower>
                    <S100Base:upper xsi:nil="false" infinite="false">1</S100Base:upper>
                </S100FC:multiplicity>
                <S100FC:permittedValues>
                    <S100FC:value>1</S100FC:value>
                    <S100FC:value>2</S100FC:value>
                    <S100FC:value>3</S100FC:value>
                </S100FC:permittedValues>
                <S100FC:attribute ref="collisionAndContactType"/>
            </S100FC:attributeBinding>
            <S100FC:superType>Incident</S100FC:superType>
            <S100FC:featureUseType>geographic</S100FC:featureUseType>
            <S100FC:permittedPrimitives>point</S100FC:permittedPrimitives>
        </S100FC:S100_FC_FeatureType>
        <S100FC:S100_FC_FeatureType isAbstract="false">
            <S100FC:name>Navigational Issues</S100FC:name>
            <S100FC:definition>A feature containing information about navigational issues.</S100FC:definition>
            <S100FC:code>NavigationalIssues</S100FC:code>
            <S100FC:remarks></S100FC:remarks>
            <S100FC:attributeBinding sequential="false">
                <S100FC:multiplicity>
                    <S100Base:lower>0</S100Base:lower>
                    <S100Base:upper xsi:nil="false" infinite="false">1</S100Base:upper>
                </S100FC:multiplicity>
                <S100FC:permittedValues>
                    <S100FC:value>1</S100FC:value>
                    <S100FC:value>2</S100FC:value>
                    <S100FC:value>3</S100FC:value>
                </S100FC:permittedValues>
                <S100FC:attribute ref="navigationalIssuesType"/>
            </S100FC:attributeBinding>
            <S100FC:superType>Incident</S100FC:superType>
            <S100FC:featureUseType>geographic</S100FC:featureUseType>
            <S100FC:permittedPrimitives>point</S100FC:permittedPrimitives>
        </S100FC:S100_FC_FeatureType>
        <S100FC:S100_FC_FeatureType isAbstract="false">
            <S100FC:name>Flooding And Sinking</S100FC:name>
            <S100FC:definition>A feature containing information about flooding and sinking incidents.</S100FC:definition>
            <S100FC:code>FloodingAndSinking</S100FC:code>
            <S100FC:remarks></S100FC:remarks>
            <S100FC:attributeBinding sequential="false">
                <S100FC:multiplicity>
                    <S100Base:lower>0</S100Base:lower>
                    <S100Base:upper xsi:nil="false" infinite="false">1</S100Base:upper>
                </S100FC:multiplicity>
                <S100FC:permittedValues>
                    <S100FC:value>1</S100FC:value>
                    <S100FC:value>2</S100FC:value>
                    <S100FC:value>3</S100FC:value>
                </S100FC:permittedValues>
                <S100FC:attribute ref="floodingAndSinkingType"/>
            </S100FC:attributeBinding>
            <S100FC:superType>Incident</S100FC:superType>
            <S100FC:featureUseType>geographic</S100FC:featureUseType>
            <S100FC:permittedPrimitives>point</S100FC:permittedPrimitives>
        </S100FC:S100_FC_FeatureType>
        <S100FC:S100_FC_FeatureType isAbstract="false">
            <S100FC:name>Fire And Explosion</S100FC:name>
            <S100FC:definition>A feature containing information about fire and explosion incidents.</S100FC:definition>
            <S100FC:code>FireAndExplosion</S100FC:code>
            <S100FC:remarks></S100FC:remarks>
            <S100FC:attributeBinding sequential="false">
                <S100FC:multiplicity>
                    <S100Base:lower>0</S100Base:lower>
                    <S100Base:upper xsi:nil="false" infinite="false">1</S100Base:upper>
                </S100FC:multiplicity>
                <S100FC:permittedValues>
                    <S100FC:value>1</S100FC:value>
                    <S100FC:value>2</S100FC:value>
                </S100FC:permittedValues>
                <S100FC:attribute ref="fireAndExplosionType"/>
            </S100FC:attributeBinding>
            <S100FC:superType>Incident</S100FC:superType>
            <S100FC:featureUseType>geographic</S100FC:featureUseType>
            <S100FC:permittedPrimitives>point</S100FC:permittedPrimitives>
        </S100FC:S100_FC_FeatureType>
        <S100FC:S100_FC_FeatureType isAbstract="false">
            <S100FC:name>Stranding And Grounding</S100FC:name>
            <S100FC:definition>A feature containing information about stranding and grounding incidents.</S100FC:definition>
            <S100FC:code>StrandingAndGrounding</S100FC:code>
            <S100FC:remarks></S100FC:remarks>
            <S100FC:attributeBinding sequential="false">
                <S100FC:multiplicity>
                    <S100Base:lower>0</S100Base:lower>
                    <S100Base:upper xsi:nil="false" infinite="false">1</S100Base:upper>
                </S100FC:multiplicity>
                <S100FC:permittedValues>
                    <S100FC:value>1</S100FC:value>
                    <S100FC:value>2</S100FC:value>
                </S100FC:permittedValues>
                <S100FC:attribute ref="strandingAndGroundingType"/>
            </S100FC:attributeBinding>
            <S100FC:superType>Incident</S100FC:superType>
            <S100FC:featureUseType>geographic</S100FC:featureUseType>
            <S100FC:permittedPrimitives>point</S100FC:permittedPrimitives>
        </S100FC:S100_FC_FeatureType>
        <S100FC:S100_FC_FeatureType isAbstract="false">
            <S100FC:name>Other Incident</S100FC:name>
            <S100FC:definition>A feature containing information about other incidents.</S100FC:definition>
            <S100FC:code>OtherIncident</S100FC:code>
            <S100FC:remarks></S100FC:remarks>
            <S100FC:attributeBinding sequential="false">
                <S100FC:multiplicity>
                    <S100Base:lower>0</S100Base:lower>
                    <S100Base:upper xsi:nil="false" infinite="false">1</S100Base:upper>
                </S100FC:multiplicity>
                <S100FC:permittedValues>
                    <S100FC:value>1</S100FC:value>
                    <S100FC:value>2</S100FC:value>
                </S100FC:permittedValues>
                <S100FC:attribute ref="otherIncidentType"/>
            </S100FC:attributeBinding>
            <S100FC:superType>Incident</S100FC:superType>
            <S100FC:featureUseType>geographic</S100FC:featureUseType>
            <S100FC:permittedPrimitives>point</S100FC:permittedPrimitives>
        </S100FC:S100_FC_FeatureType>
    </S100FC:S100_FC_FeatureTypes>
</S100FC:S100_FC_FeatureCatalogue>  